ADAL,CEPDR,RMDL
ADAL,CEPVL,RMDL
ADAL,CEPVL,AIBL
ADAL,AIBL,RMDL
ADAL,RMDL,RIML
AVBR,RIMR,AIYL
RIML,RIVR,RMDL
RIML,OLQVL,RIAL
RIML,AVHL,AVEL
RIML,RICL,AIBR
RIML,URXL,RIPL
RIML,URXL,RIAL
RIML,PVCL,RIAL
RIML,AWAL,RMDL
RIML,AWAL,RIAL
RIML,RIAL,AVEL
RIPL,URXL,AIBL
RIPL,CEPVL,AIBL
AVAL,SAAVR,RIGL
AVAL,IL2VL,SMDVR
AVAL,RIAR,AIZL
AVAL,RIAR,CEPDL
AVAL,RIAR,RICL
AVAL,BAGR,ASHL
AVAL,BAGR,AIZL
AVAL,CEPDL,ASHL
AVAL,CEPDL,RIGL
AVAL,PVCL,ASHL
AVAL,PVCL,RIR
AVAL,AIZL,RIGL
AVAL,AIZL,FLPL
AVBL,URYDL,RIBL
AVBL,IL1DL,RIBL
AVBL,RMGL,SMDDR
AVBL,AVFL,RIH
AVBL,RIBL,ADFL
AVBL,AIAL,ADFL
AIBR,SMDDL,RICL
AIBR,RICL,AINL
ASHL,RMDVL,CEPDL
ADEL,RMDVL,RIAL
ADEL,SMDVR,RIAL
ADEL,RIAL,AVEL
AVAR,RIBR,AWCL
RMDL,RIVL,AIBL
RMDL,RIVL,SMDVL
RMDL,URXL,AIBL
RMDL,SAAVL,ADLL
RMDL,CEPVL,AIBL
AVEL,SMDDL,ADFL
AVEL,SMDDL,AVHR
AVEL,IL1L,RIH
AVEL,AQR,RIAL
AVEL,SAAVL,RIAL
AVEL,RIH,AIZL
AVEL,RIH,RIAL
AVEL,RIAL,AIZL
OLLL,CEPDL,RIGL
RIGL,URAVL,RIBR
RIGL,CEPVR,SMDDR
AIZL,RMDVR,RIAL
AIZL,RIH,RIAL
RIAL,RMDR,AQR
RIAL,OLQVL,RMDVL
RIAL,RMDDL,URXL
RIAL,RMDVL,ADAR
RIAL,RIS,SMDVR
RIAL,URXL,AWCL
RIAL,PVCL,RIR
AUAL,RMDDL,PVPL
AUAL,RIAR,CEPDL
AUAL,CEPDL,SAADL
RIR,PVCL,RIFL
ADLL,SAAVL,ASKL
AVDR,RMDR,CEPDL
AWCL,SAAVL,SMDDR
AIBL,RIVL,BAGL
AIBL,RMDVL,AVJL
AIBL,SAADR,CEPVL
AIAL,URYVL,IL1VL
AIYL,OLQDL,RIBL
AIYL,RICL,RIMR
ASIL,RMDR,RICL
SMDDR,RMGL,SAAVL
RIMR,SMDVL,RIBL
RIMR,SMDDL,RICL
AINL,RMDR,RICL
AINL,RIAR,RICL
RIBL,SMDVL,AQR
AVER,IL1L,IL2DL
RIH,IL1L,AVKL
CEPDL,SMDDL,RIAR
CEPDL,RMDVL,AVJL
RICL,SMDDL,RIAR
