ADAL,ASHL,AVBL
ADAL,RIML,AIBR
ADAL,RIML,AVBL
ADAL,RIML,AVBR
ADAL,AVJR,AVBL
AIBR,AIZL,RIML
AVAR,FLPL,ADEL
AVBL,RIFR,AVJL
AVBL,AVM,PVCL
AVBL,PVCR,AVJL
AVBL,ASHL,AIBL
AVBL,PVCL,AVJR
AVBL,RIMR,AIBL
AVBL,RIFL,AVJR
AVBL,RIFL,RIML
AVBL,AVJL,ADAR
AVBL,AIBL,RIML
AVBL,AIBL,ADAR
AVBR,RIFL,RIML
RIML,RIS,RMDL
RIML,RIS,RIBL
RIML,RIS,AVKL
RIML,RMFR,RMDL
RIML,SAADL,AVKR
RIML,SAADR,AVKL
RIML,SMDDR,AIBL
RIML,AIZL,AIBL
RIPL,IL2VL,IL1VL
RIPL,IL2VL,URAVL
RIPL,IL2VL,RIH
RIPL,IL2DL,IL1DL
RIPL,IL2DL,URADL
AIBL,AWCL,AIAL
AIBL,AWCL,ASIL
AIBL,ASHL,AIAL
AIBL,ASEL,AIAL
AIBL,ASGL,AIAL
AIBL,AIAL,AIZL
AIBL,AIAL,ADLL
AVAL,FLPL,ADEL
AVAL,DVC,RIBL
AVAL,RIBL,AUAL
AVEL,RIS,RIBL
AVEL,URXL,AUAL
AVEL,URXL,RMGL
AVEL,RIBL,AUAL
RIGL,DVC,RIBL
ADFL,AWBL,AIZL
ADFL,ASHL,RIAL
ADFL,SMBVL,AIZL
ADFL,RIAL,AIZL
ADFL,RIAL,AUAL
AIZL,RIH,RIAL
AIZL,AWBL,AWAL
AIZL,AWAL,AIYL
AIZL,RIR,RIAL
AIZL,AIYL,RIAL
AUAL,URXL,RIAL
AUAL,RIBL,RIAL
RIAL,URXL,RIR
RIAL,IL2VL,RIH
RIAL,RIH,RIBL
RIAL,RIBL,AIYL
AIAL,PVQL,ASKL
AIAL,ASGL,AIML
AFDL,AWAL,AIYL
RIBL,URYVL,AVER
RIBL,OLLL,AVER
SMDDL,SMDVR,RICL
ASKL,PVQL,ASJL
AVER,URYDL,CEPDL
AVER,OLLL,CEPDL
CEPDL,URYDL,RMDVL
CEPDL,RMGL,RMDVL
CEPDL,RMDVL,IL1DL
CEPDL,RMDVL,OLLL
CEPDL,RICR,OLQDL
CEPVL,RMDDL,IL1VL
CEPVL,OLQVL,RICL
ALNL,SMBDR,SAAVL
AVKL,PVT,RMFL
IL1VL,URYVL,RMDDL
IL1L,IL2L,RMDR
