ASHL,ADAL,AVAL,7
ASHL,ADAL,AVBL,7
ADAL,AVJR,AVBL,7
ADAL,RIML,AVBL,7
ADAL,RIML,AVBR,7
AVJR,PVCL,AVBL,7
RIFL,AVJR,AVBL,7
PVPL,PVCL,AVBR,7
RIFL,RIML,AVBR,7
AVKR,SAADL,RIML,7
RIS,RIML,SMDVL,7
SAADR,RIML,AVKL,7
RIS,RIML,AVKL,7
RIS,RIML,RMDL,7
SAADL,RIML,AIBL,7
RIML,SMDDR,AIBL,7
RIFL,RIML,AVBL,7
RIML,AIBL,AVBL,7
AIZL,RIML,AIBL,7
IL2VL,IL1VL,RIPL,7
IL2VL,URAVL,RIPL,7
IL2DL,URADL,RIPL,7
IL2DL,IL1DL,RIPL,7
CEPVL,URAVL,RIPL,7
IL1VL,URAVL,RIPL,7
CEPVL,IL1VL,RIPL,7
AQR,PVPL,AVAL,7
DVC,RIBL,AVAL,7
ADEL,FLPL,AVAL,7
ADAR,AVJL,AVBL,7
PVCR,AVJL,AVBL,7
RIFR,AVJL,AVBL,7
AVM,PVCL,AVBL,7
PVPL,PVCL,AVBL,7
AQR,PVPL,AVBL,7
AQR,PVCL,AVBL,7
ADAR,AIBL,AVBL,7
ASHL,AIBL,AVBL,7
ASHL,AIAL,AIBL,7
ASHL,ADFL,RIAL,7
ADEL,FLPL,AVAR,7
ADEL,FLPL,AVDL,7
ADEL,RIGL,AVEL,7
DVA,AUAL,AVEL,7
URXL,RIGL,AVEL,7
URXL,AUAL,AVEL,7
RIGL,RIBL,AVEL,7
OLLL,RIBL,AVER,7
OLLL,RIBL,SMDVR,7
DVC,RIGL,RIBL,7
ADFL,AIZL,RIGL,7
ADFL,AWBL,AIZL,7
ADFL,AIZL,SMBDL,7
ADFL,AIZL,RIR,7
ADFL,RIR,RIAL,7
ADFL,AUAL,RIAL,7
ADFL,AIZL,RIAL,7
ADFL,AIZL,SMBVL,7
RIH,AIZL,RIAL,7
AWAL,AIZL,AWBL,7
AWAL,AIZL,AIYL,7
AIZL,AIYL,RIAL,7
AIZL,AWBL,AIYL,7
AIZL,ASEL,AIBL,7
AIZL,AIAL,AIBL,7
AIZL,RIR,RIAL,7
URXL,AUAL,RIAL,7
RIH,RIBL,RIAL,7
AIYL,RIBL,RIAL,7
AWAL,AWBL,AIYL,7
ADLL,ASEL,AIBL,7
ADLL,AIAL,AIBL,7
ADLL,AWCL,AIBL,7
ASGL,AIAL,AIBL,7
ASIL,ASGL,AIBL,7
ASIL,AIAL,AIBL,7
ASIL,AWCR,AIBL,7
AWCR,AIAL,AIBL,7
ASKL,AIAL,AIBL,7
AIML,ASGL,AIAL,7
ASIL,ASGL,AIAL,7
PVQL,ASKL,AIAL,7
ASIL,AWCR,AIAL,7
ASJL,PVQL,ASKL,7
URYVL,RIBL,SMDVR,7
URYVL,RIBL,AVER,7
CEPDL,URYDL,AVER,7
CEPVL,OLQVL,RICL,7
CEPVL,IL1VL,URAVL,7
CEPVL,IL1VL,RMDDL,7
AQR,PVPL,PVCL,7
CEPDL,URBL,RICR,7
CEPDL,URYDL,RMDVL,7
CEPDL,IL1DL,RMDVL,7
CEPDL,OLQDL,RICR,7
ALNL,SAAVL,SMBDR,7
RMGL,RMDR,RMDVL,7
PVT,RMFL,AVKL,7
URYVL,IL1VL,RMDDL,7
IL2VL,IL1VL,URAVL,7
IL2VL,URAVL,RMER,7
