ASHL,ADAL,AVBL,7
ADAL,AIBR,RIML,7
ADAL,RIML,AVBL,7
ADAL,RIML,AVBR,7
ADAL,AVJR,AVBL,7
AIZL,AIBR,RIML,7
FLPL,ADEL,AVAR,7
RIFR,AVJL,AVBL,7
AVM,PVCL,AVBL,7
PVCR,AVJL,AVBL,7
ASHL,AIBL,AVBL,7
PVCL,AVJR,AVBL,7
RIMR,AIBL,AVBL,7
RIFL,AVJR,AVBL,7
RIFL,RIML,AVBL,7
ADAR,AVJL,AVBL,7
RIML,AIBL,AVBL,7
ADAR,AIBL,AVBL,7
RIFL,RIML,AVBR,7
RIS,RIML,RMDL,7
RIS,RIML,RIBL,7
RIS,AVKL,RIML,7
RMFR,RIML,RMDL,7
SAADL,AVKR,RIML,7
SAADR,AVKL,RIML,7
RIML,SMDDR,AIBL,7
AIZL,RIML,AIBL,7
IL2VL,IL1VL,RIPL,7
IL2VL,URAVL,RIPL,7
IL2VL,RIH,RIPL,7
IL2DL,IL1DL,RIPL,7
IL2DL,URADL,RIPL,7
AWCL,AIAL,AIBL,7
ASIL,AWCL,AIBL,7
ASHL,AIAL,AIBL,7
ASEL,AIAL,AIBL,7
ASGL,AIAL,AIBL,7
AIZL,AIAL,AIBL,7
ADLL,AIAL,AIBL,7
FLPL,ADEL,AVAL,7
DVC,RIBL,AVAL,7
AUAL,RIBL,AVAL,7
RIS,RIBL,AVEL,7
AUAL,URXL,AVEL,7
RMGL,URXL,AVEL,7
AUAL,RIBL,AVEL,7
DVC,RIGL,RIBL,7
ADFL,AIZL,AWBL,7
ASHL,ADFL,RIAL,7
ADFL,AIZL,SMBVL,7
ADFL,AIZL,RIAL,7
ADFL,AUAL,RIAL,7
AIZL,RIH,RIAL,7
AWAL,AIZL,AWBL,7
AWAL,AIZL,AIYL,7
AIZL,RIR,RIAL,7
AIZL,AIYL,RIAL,7
AUAL,URXL,RIAL,7
AUAL,RIBL,RIAL,7
URXL,RIR,RIAL,7
IL2VL,RIH,RIAL,7
RIH,RIBL,RIAL,7
AIYL,RIBL,RIAL,7
PVQL,ASKL,AIAL,7
AIML,ASGL,AIAL,7
AWAL,AFDL,AIYL,7
URYVL,RIBL,AVER,7
OLLL,RIBL,AVER,7
RICL,SMDVR,SMDDL,7
ASJL,PVQL,ASKL,7
CEPDL,URYDL,AVER,7
CEPDL,OLLL,AVER,7
CEPDL,URYDL,RMDVL,7
CEPDL,RMGL,RMDVL,7
CEPDL,IL1DL,RMDVL,7
CEPDL,OLLL,RMDVL,7
CEPDL,OLQDL,RICR,7
CEPVL,IL1VL,RMDDL,7
CEPVL,OLQVL,RICL,7
ALNL,SAAVL,SMBDR,7
PVT,RMFL,AVKL,7
URYVL,IL1VL,RMDDL,7
IL2L,IL1L,RMDR,7
